test_iteration,average_return,average_q_values,average_loss
1,0.21807032725109607,2.816615,19.905714
201,0.0011458786216814198,0.95058346,0.04870594
